{"airegin.lab": {"chordEssentia": 0.47310145154348837, "chordEssentiaBeats": 0.43902343597167376, "chordMadmom": 0.6444305332759498}, "all_alone.lab": {"chordEssentia": 0.34736546691924475, "chordEssentiaBeats": 0.2435978390514279, "chordMadmom": 0.5015084543604852}, "bags_groove.lab": {"chordEssentia": 0.19564840999596064, "chordEssentiaBeats": 0.09095631095977363, "chordMadmom": 0.4725572805448147}, "bikini.lab": {"chordEssentia": 0.35560029282576894, "chordEssentiaBeats": 0.20086017569546138, "chordMadmom": 0.4350292825768668}, "black_and_tan_fantasy.lab": {"chordEssentia": 0.3524736842105268, "chordEssentiaBeats": 0.2593684210526315, "chordMadmom": 0.7131052631578947}, "black_bottom_stomp.lab": {"chordEssentia": 0.3413390444138492, "chordEssentiaBeats": 0.3239508439141304, "chordMadmom": 0.6823721380857688}, "black_water_blues.lab": {"chordEssentia": 0.1998903891186296, "chordEssentiaBeats": 0.22485177619450983, "chordMadmom": 0.6332519555577703}, "blue_7.lab": {"chordEssentia": 0.15363178179662013, "chordEssentiaBeats": 0.02521494218796356, "chordMadmom": 0.4534094278090719}, "blue_horizon.lab": {"chordEssentia": 0.1697572237116477, "chordEssentiaBeats": 0.1376601131963061, "chordMadmom": 0.717195412570748}, "blue_serge.lab": {"chordEssentia": 0.2670886075949364, "chordEssentiaBeats": 0.23359298928919167, "chordMadmom": 0.43451801363193765}, "blues_in_the_closet.lab": {"chordEssentia": 0.2031837438333306, "chordEssentiaBeats": 0.12958717699488287, "chordMadmom": 0.47486566288260723}, "boplicity.lab": {"chordEssentia": 0.1727874774232388, "chordEssentiaBeats": 0.10295003010234771, "chordMadmom": 0.38552898035137656}, "breakfast_feud.lab": {"chordEssentia": 0.2629558541266791, "chordEssentiaBeats": 0.13435700575815743, "chordMadmom": 0.5365038743157744}, "concerto_for_cootie.lab": {"chordEssentia": 0.35733226597288215, "chordEssentiaBeats": 0.1975283934557461, "chordMadmom": 0.5729724320808527}, "cotton_tail.lab": {"chordEssentia": 0.18663883089770336, "chordEssentiaBeats": 0.11513569937369465, "chordMadmom": 0.1790709812108559}, "crazeology.lab": {"chordEssentia": 0.18426316959324374, "chordEssentiaBeats": 0.1482551678150701, "chordMadmom": 0.2578350744609909}, "daahoud.lab": {"chordEssentia": 0.24903246832606793, "chordEssentiaBeats": 0.15900109993074485, "chordMadmom": 0.381879659428851}, "dead_man_blues.lab": {"chordEssentia": 0.4026409449631192, "chordEssentiaBeats": 0.3058750709238147, "chordMadmom": 0.8706865425284981}, "dexter_rides_again.lab": {"chordEssentia": 0.294159507955065, "chordEssentiaBeats": 0.25125806943526574, "chordMadmom": 0.46271539673664364}, "dinah.lab": {"chordEssentia": 0.014412559516149226, "chordEssentiaBeats": 0.017114914425427844, "chordMadmom": 0.0019302535066272038}, "dippermouth_blues.lab": {"chordEssentia": 0.4255690592895991, "chordEssentiaBeats": 0.2706640703686295, "chordMadmom": 0.4774054925132612}, "django.lab": {"chordEssentia": 0.19464382368861013, "chordEssentiaBeats": 0.13708140164262364, "chordMadmom": 0.5700703645306282}, "doggin_around.lab": {"chordEssentia": 0.06692150019389528, "chordEssentiaBeats": 0.025261758351337628, "chordMadmom": 0.45371447565231815}, "embraceable_you.lab": {"chordEssentia": 0.20104404281453014, "chordEssentiaBeats": 0.14432356553781417, "chordMadmom": 0.546236181786278}, "everybody_loves_my_baby.lab": {"chordEssentia": 0.04553645688938183, "chordEssentiaBeats": 0.015871915719434408, "chordMadmom": 0.3973523703909069}, "evidence.lab": {"chordEssentia": 0.18270535771989926, "chordEssentiaBeats": 0.1267368965294383, "chordMadmom": 0.22510179021521354}, "for_dancers_only.lab": {"chordEssentia": 0.26732305405907464, "chordEssentiaBeats": 0.1597002910396926, "chordMadmom": 0.5555761966685239}, "four_brothers.lab": {"chordEssentia": 0.23362885351601853, "chordEssentiaBeats": 0.20123916985694126, "chordMadmom": 0.38691315736449683}, "four_or_five_times.lab": {"chordEssentia": 0.2857583706218175, "chordEssentiaBeats": 0.23622897700972012, "chordMadmom": 0.5346397160931959}, "from_monday_on.lab": {"chordEssentia": 0.501337847430787, "chordEssentiaBeats": 0.35401081199148116, "chordMadmom": 0.685687762791459}, "giant_steps.lab": {"chordEssentia": 0.2395963813500346, "chordEssentiaBeats": 0.3098469032707035, "chordMadmom": 0.4037926235212245}, "grandpas_spells.lab": {"chordEssentia": 0.2988138686131383, "chordEssentiaBeats": 0.2960766423357666, "chordMadmom": 0.6815123175182487}, "haig_and_haig.lab": {"chordEssentia": 0.20268031368506234, "chordEssentiaBeats": 0.13431022421854932, "chordMadmom": 0.3607378226133049}, "harlem_congo.lab": {"chordEssentia": 0.23181377303588702, "chordEssentiaBeats": 0.23993057328092243, "chordMadmom": 0.4938485884935421}, "honeysuckle_rose.lab": {"chordEssentia": 0.244985750389847, "chordEssentiaBeats": 0.2319728988546541, "chordMadmom": 0.5025541754046354}, "hotter_than_that.lab": {"chordEssentia": 0.3235439969144295, "chordEssentiaBeats": 0.16342498209267728, "chordMadmom": 0.7252190203316988}, "i_cant_get_started.lab": {"chordEssentia": 0.2518801031370863, "chordEssentiaBeats": 0.2213149978513103, "chordMadmom": 0.7048775247099274}, "i_found_a_new_baby.lab": {"chordEssentia": 0.3582393927377785, "chordEssentiaBeats": 0.24454766895145325, "chordMadmom": 0.6335467059423325}, "i_got_rhythm.lab": {"chordEssentia": 0.16608712767353406, "chordEssentiaBeats": 0.15322792284477083, "chordMadmom": 0.24163495604251412}, "i_gotta_right_to_sing_the_blues.lab": {"chordEssentia": 0.31808278867102363, "chordEssentiaBeats": 0.23671023965141602, "chordMadmom": 0.4162309368191721}, "in_a_mellotone.lab": {"chordEssentia": 0.20464696140914343, "chordEssentiaBeats": 0.1874993727103928, "chordMadmom": 0.6457921413158023}, "in_gloryland.lab": {"chordEssentia": 0.13128947941624886, "chordEssentiaBeats": 0.05581572642125891, "chordMadmom": 0.39936832934001304}, "indiana.lab": {"chordEssentia": 0.180710201625038, "chordEssentiaBeats": 0.13863376467047833, "chordMadmom": 0.31980138429130306}, "isfahan.lab": {"chordEssentia": 0.21831869510664983, "chordEssentiaBeats": 0.15232904642409045, "chordMadmom": 0.4991373902132995}, "king_porter_stomp.lab": {"chordEssentia": 0.32184298409463946, "chordEssentiaBeats": 0.2700515084621038, "chordMadmom": 0.5903662195052926}, "lady_bird.lab": {"chordEssentia": 0.3475487096959594, "chordEssentiaBeats": 0.24696821656417006, "chordMadmom": 0.5880223001321916}, "lester_leaps_in.lab": {"chordEssentia": 0.16307519066386883, "chordEssentiaBeats": 0.07723806111480777, "chordMadmom": 0.4002661616420124}, "livery_stable_blues.lab": {"chordEssentia": 0.6141418380193034, "chordEssentiaBeats": 0.3551195971464534, "chordMadmom": 0.6826479227864037}, "lost_your_head_blues.lab": {"chordEssentia": 0.2085778781038375, "chordEssentiaBeats": 0.22144469525959343, "chordMadmom": 0.7551354401805868}, "manteca.lab": {"chordEssentia": 0.15227356551978516, "chordEssentiaBeats": 0.1279308709626431, "chordMadmom": 0.6096211602297279}, "mean_to_me.lab": {"chordEssentia": 0.16696353730092195, "chordEssentiaBeats": 0.19729673093042738, "chordMadmom": 0.6120075440067054}, "minor_swing.lab": {"chordEssentia": 0.5720167581623806, "chordEssentiaBeats": 0.4756573244726956, "chordMadmom": 0.6896541049242579}, "misterioso.lab": {"chordEssentia": 0.15013444145685628, "chordEssentiaBeats": 0.08887802493277903, "chordMadmom": 0.3793693473478368}, "moten_swing.lab": {"chordEssentia": 0.21250242859918378, "chordEssentiaBeats": 0.18141635904410336, "chordMadmom": 0.31858364095589675}, "night_in_tunisia.lab": {"chordEssentia": 0.2543377393067415, "chordEssentiaBeats": 0.1619682613950948, "chordMadmom": 0.4801341287480021}, "one_by_one.lab": {"chordEssentia": 0.1829997129211582, "chordEssentiaBeats": 0.09713704100007799, "chordMadmom": 0.2468878043688179}, "one_oclock_jump.lab": {"chordEssentia": 0.18383740363361883, "chordEssentiaBeats": 0.07428971912232468, "chordMadmom": 0.429834492425467}, "organ_grinders_swing.lab": {"chordEssentia": 0.1755772701811166,